{"stats":{"minecraft:mined":{"minecraft:furnace":2,"duneons:leaveswindswept":6,"minecraft:spruce_log":25,"minecraft:torch":1,"duneons:highlandfern":1,"minecraft:crafting_table":4,"minecraft:grass":1,"minecraft:coal_ore":6,"minecraft:grass_block":2,"minecraft:oak_log":2,"mekanism:tin_ore":3,"minecraft:dirt":20,"duneons:highlandlog":6,"biomesoplenty:sprout":1,"minecraft:spruce_leaves":6,"minecraft:stone":19,"minecraft:oak_leaves":2},"minecraft:killed":{"minecraft:cow":8},"minecraft:dropped":{"minecraft:cooked_beef":5,"minecraft:wooden_pickaxe":1,"minecraft:spruce_sapling":2},"minecraft:crafted":{"minecraft:cooked_beef":16,"minecraft:oak_planks":8,"minecraft:crafting_table":1,"minecraft:spruce_planks":14,"minecraft:stick":12,"minecraft:wooden_pickaxe":1,"minecraft:stone_pickaxe":1,"minecraft:furnace":1,"minecraft:torch":7,"minecraft:stone_axe":1,"minecraft:air":144,"duneons:outpostwood_planks":6},"minecraft:custom":{"minecraft:time_since_rest":16512,"minecraft:interact_with_furnace":9,"minecraft:sprint_one_cm":25089,"minecraft:damage_taken":410,"minecraft:walk_one_cm":60394,"minecraft:mob_kills":8,"minecraft:drop":8,"minecraft:damage_dealt":811,"minecraft:swim_one_cm":6087,"minecraft:interact_with_crafting_table":4,"minecraft:fly_one_cm":28503,"minecraft:crouch_one_cm":2695,"minecraft:play_time":16512,"minecraft:sneak_time":1887,"minecraft:walk_under_water_one_cm":19561,"minecraft:jump":264,"minecraft:leave_game":1,"minecraft:walk_on_water_one_cm":2270,"minecraft:time_since_death":16512,"minecraft:total_world_time":16512,"minecraft:fall_one_cm":6785},"minecraft:picked_up":{"duneons:highlandlog":6,"minecraft:crafting_table":4,"minecraft:leather":13,"minecraft:torch":1,"minecraft:oak_log":2,"minecraft:spruce_sapling":2,"minecraft:spruce_log":24,"duneons:leaveswindswept":5,"mekanism:raw_tin":3,"minecraft:dirt":21,"minecraft:beef":19,"minecraft:coal":6,"minecraft:cobblestone":20,"minecraft:furnace":2},"minecraft:used":{"minecraft:stone_pickaxe":18,"minecraft:wooden_pickaxe":24,"minecraft:torch":1,"minecraft:stone_axe":51,"minecraft:crafting_table":4,"minecraft:furnace":2,"minecraft:cooked_beef":5,"minecraft:spruce_log":3,"duneons:leaveswindswept":5}},"DataVersion":3465}