{"stats":{"minecraft:killed":{"minecraft:skeleton":1,"minecraft:zombie":3,"minecraft:spider":1},"minecraft:custom":{"minecraft:time_since_rest":280,"minecraft:interact_with_furnace":5,"minecraft:sprint_one_cm":13201,"minecraft:damage_taken":1365,"minecraft:walk_one_cm":64448,"minecraft:damage_blocked_by_shield":225,"minecraft:mob_kills":5,"minecraft:drop":1,"minecraft:damage_dealt":983,"minecraft:interact_with_crafting_table":4,"minecraft:fly_one_cm":20821,"minecraft:crouch_one_cm":342,"minecraft:play_time":42862,"minecraft:deaths":3,"minecraft:sneak_time":25348,"minecraft:walk_under_water_one_cm":1990,"minecraft:jump":269,"minecraft:leave_game":1,"minecraft:walk_on_water_one_cm":2777,"minecraft:time_since_death":0,"minecraft:climb_one_cm":1567,"minecraft:total_world_time":42862,"minecraft:fall_one_cm":5276},"minecraft:used":{"minecraft:diorite":1,"minecraft:bread":2,"minecraft:iron_pickaxe":86,"minecraft:shield":2,"minecraft:cooked_salmon":4,"minecraft:rotten_flesh":3,"minecraft:stone_axe":31,"minecraft:torch":1,"minecraft:dirt":2},"minecraft:picked_up":{"minecraft:raw_iron":16,"minecraft:crafting_table":1,"minecraft:andesite":1,"minecraft:torch":1,"create:raw_zinc":2,"minecraft:diorite":1,"minecraft:spruce_log":12,"minecraft:redstone":19,"minecraft:lapis_lazuli":8,"mekanism:raw_osmium":8,"minecraft:dirt":11,"mekanism:raw_tin":13,"minecraft:cooked_salmon":4,"minecraft:rotten_flesh":6,"minecraft:raw_gold":4,"minecraft:bread":4,"galosphere:raw_silver":4,"minecraft:sugar_cane":3,"minecraft:oak_planks":18,"minecraft:coal":27,"minecraft:cobblestone":61},"minecraft:killed_by":{"minecraft:skeleton":1,"minecraft:creeper":1,"minecraft:zombie":1},"minecraft:mined":{"create:zinc_ore":2,"minecraft:redstone_ore":4,"mekanism:osmium_ore":8,"minecraft:iron_ore":16,"minecraft:andesite":1,"minecraft:torch":1,"minecraft:coal_ore":5,"mekanism:tin_ore":15,"galosphere:silver_ore":4,"minecraft:lapis_ore":1,"minecraft:stone":23,"minecraft:oak_planks":18,"minecraft:sugar_cane":1,"minecraft:gold_ore":4,"minecraft:diorite":1},"minecraft:dropped":{"minecraft:andesite":1},"minecraft:crafted":{"minecraft:shield":1,"minecraft:spruce_planks":10,"minecraft:stick":20,"minecraft:iron_ingot":6,"minecraft:iron_pickaxe":1,"minecraft:stone_axe":1,"minecraft:air":9}},"DataVersion":3465}