{"stats":{"minecraft:used":{"minecraft:stone_pickaxe":81,"minecraft:wooden_pickaxe":151,"minecraft:torch":1,"minecraft:dirt":8,"minecraft:crafting_table":6,"minecraft:white_bed":1,"minecraft:spruce_log":3,"duneons:goatgear_helmet":1,"minecraft:lilac":2,"minecraft:stone_axe":118,"minecraft:furnace":4,"minecraft:cooked_beef":8,"duneons:leaveswindswept":5},"minecraft:dropped":{"minecraft:cooked_beef":5,"minecraft:lilac":1,"minecraft:mossy_cobblestone":1,"minecraft:cooked_mutton":4,"minecraft:andesite":1,"minecraft:wooden_pickaxe":1,"minecraft:spruce_sapling":2},"minecraft:picked_up":{"minecraft:crafting_table":6,"minecraft:lilac":3,"minecraft:andesite":1,"minecraft:leather":30,"minecraft:wooden_pickaxe":1,"minecraft:oak_log":2,"minecraft:golden_boots":1,"minecraft:dirt":29,"duneons:goatgear_helmet":1,"minecraft:spruce_planks":10,"minecraft:beef":54,"minecraft:iron_ingot":30,"minecraft:furnace":4,"duneons:highlandlog":6,"minecraft:raw_iron":15,"minecraft:torch":1,"minecraft:spruce_sapling":2,"minecraft:white_bed":1,"minecraft:spruce_log":24,"duneons:leaveswindswept":5,"minecraft:mossy_cobblestone":1,"mekanism:raw_osmium":4,"mekanism:raw_tin":3,"minecraft:mutton":6,"minecraft:coal":188,"minecraft:white_wool":4,"minecraft:cobblestone":31},"minecraft:mined":{"mekanism:osmium_ore":4,"minecraft:white_bed":1,"minecraft:mossy_cobblestone":1,"minecraft:crafting_table":7,"minecraft:torch":1,"minecraft:grass_block":5,"mekanism:tin_ore":3,"minecraft:tall_grass":1,"minecraft:cobblestone":2,"minecraft:spruce_leaves":6,"biomesoplenty:sprout":1,"minecraft:furnace":4,"duneons:leaveswindswept":6,"minecraft:iron_ore":15,"minecraft:lilac":5,"minecraft:spruce_log":25,"minecraft:andesite":1,"duneons:highlandfern":1,"duneons:creeperwoodstallgrass":1,"minecraft:grass":9,"minecraft:oak_log":2,"minecraft:coal_ore":159,"minecraft:dirt":25,"duneons:highlandlog":6,"minecraft:stone":28,"minecraft:oak_leaves":2},"minecraft:crafted":{"minecraft:cooked_beef":20,"minecraft:oak_planks":8,"minecraft:crafting_table":1,"minecraft:spruce_planks":14,"minecraft:wooden_pickaxe":1,"minecraft:furnace":1,"minecraft:stone_axe":3,"minecraft:cooked_mutton":4,"minecraft:air":176,"duneons:outpostwood_planks":6,"minecraft:shield":1,"minecraft:stick":12,"minecraft:stone_pickaxe":1,"minecraft:white_bed":1,"minecraft:torch":15},"minecraft:custom":{"minecraft:interact_with_furnace":22,"minecraft:mob_kills":31,"minecraft:interact_with_crafting_table":10,"minecraft:leave_game":6,"minecraft:time_since_death":64074,"minecraft:sleep_in_bed":1,"minecraft:time_since_rest":40850,"minecraft:sprint_one_cm":77108,"minecraft:damage_taken":627,"minecraft:walk_one_cm":141155,"minecraft:drop":12,"minecraft:damage_dealt":3006,"minecraft:swim_one_cm":8348,"minecraft:fly_one_cm":77029,"minecraft:open_chest":4,"minecraft:crouch_one_cm":29654,"minecraft:play_time":64074,"minecraft:sneak_time":22676,"minecraft:walk_under_water_one_cm":21276,"minecraft:jump":932,"minecraft:walk_on_water_one_cm":3140,"minecraft:total_world_time":64074,"minecraft:fall_one_cm":23709},"minecraft:killed":{"minecraft:sheep":4,"minecraft:silverfish":3,"minecraft:cow":24}},"DataVersion":3465}