{"stats":{"minecraft:used":{"minecraft:dirt":18},"minecraft:custom":{"minecraft:jump":43,"minecraft:time_since_rest":4059,"minecraft:damage_dealt":154,"minecraft:leave_game":1,"minecraft:sprint_one_cm":4969,"minecraft:play_time":4059,"minecraft:damage_taken":75,"minecraft:time_since_death":4059,"minecraft:walk_one_cm":7211,"minecraft:total_world_time":4059,"minecraft:mob_kills":1,"minecraft:fall_one_cm":685,"minecraft:fly_one_cm":2919},"minecraft:crafted":{"minecraft:birch_planks":4},"minecraft:mined":{"minecraft:birch_log":3,"minecraft:grass":1,"minecraft:dirt":2},"minecraft:picked_up":{"minecraft:arrow":2,"minecraft:wheat_seeds":2,"minecraft:dirt":22,"minecraft:birch_log":3}},"DataVersion":3465}