{"stats":{"minecraft:custom":{"minecraft:time_since_rest":2356,"minecraft:interact_with_furnace":3,"minecraft:sprint_one_cm":90375,"minecraft:damage_taken":500,"minecraft:walk_one_cm":120029,"minecraft:mob_kills":1,"minecraft:drop":5,"minecraft:damage_dealt":1165,"minecraft:swim_one_cm":13119,"minecraft:talked_to_villager":1,"minecraft:interact_with_cartography_table":1,"minecraft:interact_with_crafting_table":5,"minecraft:fly_one_cm":97978,"minecraft:open_chest":13,"minecraft:crouch_one_cm":9241,"minecraft:interact_with_loom":1,"minecraft:play_time":47097,"minecraft:deaths":1,"minecraft:sneak_time":3467,"minecraft:walk_under_water_one_cm":794,"minecraft:jump":604,"minecraft:leave_game":2,"minecraft:walk_on_water_one_cm":1737,"minecraft:time_since_death":2258,"minecraft:sleep_in_bed":1,"minecraft:climb_one_cm":3681,"minecraft:total_world_time":47097,"minecraft:fall_one_cm":11660},"minecraft:crafted":{"minecraft:oak_planks":1,"minecraft:wooden_hoe":1,"minecraft:crafting_table":1,"minecraft:spruce_planks":7,"minecraft:stick":3,"minecraft:iron_pickaxe":1,"minecraft:wooden_pickaxe":1,"minecraft:stone_sword":1,"minecraft:stone_axe":1,"minecraft:air":50},"minecraft:dropped":{"minecraft:bread":5},"minecraft:picked_up":{"duneons:dungeonscharreddirt":3,"minecraft:stick":2,"minecraft:crafting_table":1,"minecraft:wheat":16,"minecraft:acacia_log":3,"minecraft:torch":4,"minecraft:green_bed":2,"minecraft:potato":27,"minecraft:gold_block":2,"minecraft:oak_log":1,"minecraft:carrot":25,"minecraft:spruce_log":7,"minecraft:dirt":25,"minecraft:leather_helmet":1,"minecraft:beetroot":8,"biomesoplenty:jacaranda_log":8,"minecraft:beetroot_seeds":29,"minecraft:wheat_seeds":43,"minecraft:iron_ingot":4,"minecraft:granite":1,"minecraft:oak_sapling":1,"minecraft:cobblestone":8},"minecraft:killed_by":{"realmrpg_demons:demon":1},"minecraft:killed":{"minecraft:iron_golem":1},"minecraft:used":{"minecraft:flint_and_steel":1,"minecraft:bread":6,"minecraft:iron_pickaxe":3,"minecraft:oak_planks":4,"minecraft:leather_helmet":1,"minecraft:spruce_planks":2,"minecraft:wooden_pickaxe":16,"minecraft:green_bed":1,"minecraft:stone_axe":31,"minecraft:dirt":10,"minecraft:crafting_table":1,"minecraft:obsidian":2},"minecraft:mined":{"biomesoplenty:jacaranda_log":8,"minecraft:carrots":7,"minecraft:wheat":15,"minecraft:spruce_log":7,"minecraft:gold_block":2,"minecraft:crafting_table":1,"minecraft:granite":1,"biomesoplenty:sea_oats":4,"minecraft:potatoes":7,"minecraft:acacia_log":3,"minecraft:grass_block":4,"minecraft:oak_log":1,"minecraft:beetroots":18,"minecraft:dirt_path":3,"minecraft:dirt":18,"duneons:dungeonscharreddirt":3,"minecraft:stone":8,"minecraft:oak_leaves":3,"biomesoplenty:dune_grass":2,"minecraft:green_bed":2}},"DataVersion":3465}