{"stats":{"minecraft:killed":{"minecraft:iron_golem":1,"minecraft:zombie":1},"minecraft:custom":{"minecraft:interact_with_furnace":3,"minecraft:mob_kills":2,"minecraft:interact_with_cartography_table":1,"minecraft:interact_with_crafting_table":6,"minecraft:interact_with_loom":1,"minecraft:leave_game":3,"minecraft:time_since_death":0,"minecraft:sleep_in_bed":1,"minecraft:climb_one_cm":3701,"minecraft:time_since_rest":505,"minecraft:sprint_one_cm":120433,"minecraft:damage_taken":1977,"minecraft:walk_one_cm":159001,"minecraft:drop":14,"minecraft:damage_dealt":1447,"minecraft:swim_one_cm":18443,"minecraft:talked_to_villager":1,"minecraft:fly_one_cm":123262,"minecraft:open_chest":13,"minecraft:crouch_one_cm":11378,"minecraft:play_time":65045,"minecraft:deaths":6,"minecraft:sneak_time":4373,"minecraft:walk_under_water_one_cm":2009,"minecraft:jump":767,"minecraft:walk_on_water_one_cm":2596,"minecraft:total_world_time":65045,"minecraft:fall_one_cm":14532},"minecraft:used":{"create:limestone":1,"minecraft:stone_sword":8,"minecraft:iron_shovel":8,"minecraft:flint_and_steel":2,"minecraft:oak_planks":4,"minecraft:spruce_planks":5,"minecraft:wooden_pickaxe":16,"minecraft:green_bed":1,"minecraft:torch":3,"minecraft:dirt":10,"minecraft:crafting_table":2,"minecraft:obsidian":2,"minecraft:bread":9,"minecraft:iron_pickaxe":12,"minecraft:leather_helmet":1,"minecraft:stone_axe":31,"minecraft:gold_block":1},"minecraft:picked_up":{"duneons:dungeonscharreddirt":5,"minecraft:crafting_table":1,"minecraft:wheat":16,"minecraft:potato":27,"minecraft:gold_block":3,"minecraft:oak_log":1,"minecraft:dirt":34,"create:limestone":2,"minecraft:beetroot":8,"minecraft:wheat_seeds":43,"minecraft:iron_ingot":5,"minecraft:stick":4,"minecraft:raw_iron":1,"minecraft:acacia_log":3,"minecraft:torch":6,"minecraft:green_bed":2,"minecraft:carrot":25,"minecraft:spruce_log":7,"minecraft:leather_helmet":1,"biomesoplenty:jacaranda_log":8,"minecraft:beetroot_seeds":29,"minecraft:granite":1,"minecraft:oak_sapling":2,"minecraft:cobblestone":13},"minecraft:killed_by":{"minecraft:player":1,"mekanismadditions:baby_skeleton":4,"realmrpg_demons:demon":1},"minecraft:mined":{"minecraft:torch":1,"minecraft:crafting_table":1,"minecraft:granite":1,"biomesoplenty:bush":9,"minecraft:acacia_log":3,"minecraft:grass_block":6,"biomesoplenty:dune_grass":2,"minecraft:wall_torch":1,"biomesoplenty:jacaranda_log":8,"minecraft:carrots":7,"minecraft:iron_ore":1,"minecraft:wheat":15,"minecraft:fire":1,"minecraft:spruce_log":7,"minecraft:gold_block":3,"biomesoplenty:sea_oats":4,"minecraft:grass":6,"minecraft:potatoes":7,"minecraft:oak_log":1,"minecraft:beetroots":18,"minecraft:dirt_path":3,"minecraft:dirt":23,"duneons:dungeonscharreddirt":5,"minecraft:stone":12,"create:limestone":1,"minecraft:oak_leaves":5,"minecraft:green_bed":2},"minecraft:dropped":{"minecraft:bread":24,"minecraft:wheat":86,"minecraft:carrot":25,"minecraft:gold_block":2,"minecraft:potato":27,"minecraft:iron_pickaxe":1},"minecraft:crafted":{"minecraft:oak_planks":1,"minecraft:crafting_table":1,"minecraft:spruce_planks":7,"minecraft:wooden_pickaxe":1,"minecraft:stone_axe":1,"minecraft:air":51,"minecraft:wooden_hoe":1,"minecraft:stick":3,"minecraft:iron_pickaxe":1,"minecraft:stone_sword":1,"minecraft:iron_shovel":1}},"DataVersion":3465}