{"stats":{"minecraft:broken":{"minecraft:stone_pickaxe":4,"minecraft:wooden_pickaxe":2},"minecraft:killed":{"minecraft:pig":1,"alexsmobs:seal":5,"minecraft:cod":1,"minecraft:sheep":1,"minecraft:zombie":1,"alexsmobs:crow":1,"minecraft:tropical_fish":4,"alexsmobs:flying_fish":1},"minecraft:custom":{"minecraft:interact_with_furnace":12,"minecraft:mob_kills":15,"minecraft:interact_with_crafting_table":38,"minecraft:bell_ring":1,"minecraft:leave_game":6,"minecraft:time_since_death":52860,"minecraft:sleep_in_bed":1,"minecraft:climb_one_cm":1247,"minecraft:time_since_rest":52989,"minecraft:sprint_one_cm":82806,"minecraft:damage_taken":840,"minecraft:walk_one_cm":205303,"minecraft:drop":1,"minecraft:damage_dealt":1366,"minecraft:swim_one_cm":13424,"minecraft:fly_one_cm":157340,"minecraft:open_chest":4,"minecraft:crouch_one_cm":86054,"minecraft:play_time":122970,"minecraft:deaths":3,"minecraft:sneak_time":40355,"minecraft:walk_under_water_one_cm":6660,"minecraft:jump":1289,"minecraft:walk_on_water_one_cm":10566,"minecraft:total_world_time":122970,"minecraft:fall_one_cm":19184},"minecraft:used":{"minecraft:cooked_mutton":2,"minecraft:stone_sword":24,"minecraft:stone_pickaxe":633,"minecraft:stone_shovel":17,"minecraft:spruce_planks":2,"minecraft:wooden_pickaxe":173,"minecraft:wooden_shovel":22,"minecraft:green_bed":1,"minecraft:torch":7,"minecraft:dirt":14,"minecraft:crafting_table":12,"minecraft:granite":4,"minecraft:wooden_axe":48,"minecraft:dark_oak_log":1,"tfmg:bauxite":4,"minecraft:iron_pickaxe":199,"minecraft:furnace":3},"minecraft:picked_up":{"biomesoplenty:lavender":2,"duneons:dungeonscharreddirt":7,"minecraft:crafting_table":6,"minecraft:feather":1,"minecraft:andesite":16,"minecraft:flint":1,"create:raw_zinc":10,"minecraft:shield":1,"minecraft:dirt":66,"minecraft:lapis_lazuli":40,"minecraft:raw_copper":101,"tfmg:bauxite":68,"minecraft:spruce_planks":2,"minecraft:furnace":3,"minecraft:stick":1,"minecraft:raw_iron":27,"minecraft:torch":10,"minecraft:green_bed":2,"minecraft:gravel":11,"minecraft:porkchop":3,"minecraft:sand":2,"minecraft:diorite":6,"minecraft:spruce_log":22,"minecraft:dark_oak_log":18,"mekanism:raw_osmium":13,"mekanism:raw_tin":5,"create:crimsite":5,"minecraft:tropical_fish":4,"minecraft:granite":18,"minecraft:cod":1,"minecraft:mutton":2,"minecraft:coal":156,"alexsmobs:flying_fish":1,"minecraft:white_wool":1,"minecraft:cobblestone":671},"minecraft:killed_by":{"mekanismadditions:baby_creeper":1,"minecraft:skeleton":1,"duneons:wraith":1},"minecraft:mined":{"create:zinc_ore":10,"biomesoplenty:jacaranda_leaves":5,"minecraft:spruce_planks":2,"mekanism:osmium_ore":13,"tfmg:bauxite":68,"minecraft:dark_oak_log":18,"minecraft:crafting_table":6,"minecraft:torch":2,"minecraft:glow_lichen":1,"minecraft:granite":18,"biomesoplenty:bush":1,"minecraft:grass_block":13,"mekanism:tin_ore":5,"minecraft:copper_ore":28,"minecraft:lapis_ore":5,"minecraft:diorite":6,"minecraft:wall_torch":4,"minecraft:furnace":3,"minecraft:iron_ore":27,"biomesoplenty:lavender":1,"minecraft:spruce_log":24,"minecraft:andesite":16,"minecraft:grass":1,"minecraft:coal_ore":113,"minecraft:gravel":13,"minecraft:sand":2,"minecraft:dirt":49,"duneons:dungeonscharreddirt":7,"minecraft:stone":676,"create:crimsite":5,"minecraft:green_bed":2,"minecraft:podzol":4},"minecraft:dropped":{"biomesoplenty:lavender":1},"minecraft:crafted":{"minecraft:wooden_shovel":1,"minecraft:stone_shovel":1,"minecraft:crafting_table":7,"minecraft:spruce_planks":22,"minecraft:wooden_pickaxe":4,"minecraft:furnace":1,"minecraft:cooked_mutton":2,"minecraft:air":164,"minecraft:stick":36,"minecraft:iron_ingot":8,"minecraft:iron_pickaxe":1,"minecraft:stone_pickaxe":5,"minecraft:wooden_axe":2,"minecraft:stone_sword":1,"minecraft:torch":2,"minecraft:dark_oak_planks":17}},"DataVersion":3465}