{"stats":{"minecraft:broken":{"minecraft:stone_pickaxe":1,"minecraft:wooden_pickaxe":1},"minecraft:mined":{"create:zinc_ore":10,"biomesoplenty:jacaranda_leaves":5,"minecraft:spruce_planks":2,"tfmg:bauxite":44,"minecraft:dark_oak_log":18,"minecraft:crafting_table":5,"minecraft:glow_lichen":1,"minecraft:granite":18,"biomesoplenty:bush":1,"minecraft:grass_block":13,"minecraft:copper_ore":10,"minecraft:wall_torch":1,"minecraft:furnace":3,"minecraft:iron_ore":14,"biomesoplenty:lavender":1,"minecraft:spruce_log":24,"minecraft:andesite":9,"minecraft:grass":1,"minecraft:coal_ore":71,"minecraft:gravel":10,"minecraft:sand":2,"minecraft:dirt":46,"duneons:dungeonscharreddirt":7,"minecraft:stone":275,"create:crimsite":5,"minecraft:green_bed":2,"minecraft:podzol":4},"minecraft:killed_by":{"mekanismadditions:baby_creeper":1,"minecraft:skeleton":1,"duneons:wraith":1},"minecraft:picked_up":{"biomesoplenty:lavender":2,"duneons:dungeonscharreddirt":7,"minecraft:crafting_table":5,"minecraft:feather":1,"minecraft:andesite":9,"create:raw_zinc":10,"minecraft:shield":1,"minecraft:dirt":63,"minecraft:raw_copper":35,"tfmg:bauxite":44,"minecraft:spruce_planks":2,"minecraft:furnace":3,"minecraft:stick":1,"minecraft:raw_iron":14,"minecraft:torch":5,"minecraft:green_bed":2,"minecraft:gravel":10,"minecraft:porkchop":3,"minecraft:sand":2,"minecraft:spruce_log":22,"minecraft:dark_oak_log":18,"create:crimsite":5,"minecraft:tropical_fish":4,"minecraft:granite":18,"minecraft:cod":1,"minecraft:mutton":2,"minecraft:coal":114,"alexsmobs:flying_fish":1,"minecraft:white_wool":1,"minecraft:cobblestone":270},"minecraft:used":{"minecraft:cooked_mutton":2,"minecraft:stone_sword":24,"minecraft:stone_pickaxe":131,"minecraft:stone_shovel":17,"minecraft:spruce_planks":2,"minecraft:wooden_pickaxe":136,"minecraft:wooden_shovel":18,"minecraft:green_bed":1,"minecraft:torch":2,"minecraft:dirt":9,"minecraft:crafting_table":9,"minecraft:granite":4,"minecraft:wooden_axe":43,"minecraft:dark_oak_log":1,"tfmg:bauxite":4,"minecraft:iron_pickaxe":199,"minecraft:furnace":3},"minecraft:killed":{"minecraft:pig":1,"alexsmobs:seal":5,"minecraft:cod":1,"minecraft:sheep":1,"alexsmobs:crow":1,"minecraft:tropical_fish":4,"alexsmobs:flying_fish":1},"minecraft:dropped":{"biomesoplenty:lavender":1},"minecraft:crafted":{"minecraft:wooden_shovel":1,"minecraft:stone_shovel":1,"minecraft:crafting_table":6,"minecraft:spruce_planks":9,"minecraft:wooden_pickaxe":3,"minecraft:furnace":1,"minecraft:cooked_mutton":2,"minecraft:air":104,"minecraft:stick":24,"minecraft:iron_ingot":8,"minecraft:iron_pickaxe":1,"minecraft:stone_pickaxe":1,"minecraft:wooden_axe":2,"minecraft:stone_sword":1,"minecraft:dark_oak_planks":17},"minecraft:custom":{"minecraft:interact_with_furnace":12,"minecraft:mob_kills":14,"minecraft:interact_with_crafting_table":23,"minecraft:bell_ring":1,"minecraft:leave_game":3,"minecraft:time_since_death":11676,"minecraft:sleep_in_bed":1,"minecraft:climb_one_cm":1247,"minecraft:time_since_rest":11805,"minecraft:sprint_one_cm":75603,"minecraft:damage_taken":840,"minecraft:walk_one_cm":134485,"minecraft:drop":1,"minecraft:damage_dealt":1176,"minecraft:swim_one_cm":13424,"minecraft:fly_one_cm":155623,"minecraft:open_chest":4,"minecraft:crouch_one_cm":34079,"minecraft:play_time":81786,"minecraft:deaths":3,"minecraft:sneak_time":24582,"minecraft:walk_under_water_one_cm":6660,"minecraft:jump":973,"minecraft:walk_on_water_one_cm":10566,"minecraft:total_world_time":81786,"minecraft:fall_one_cm":19184}},"DataVersion":3465}