{"stats":{"minecraft:mined":{"mekanism:osmium_ore":17,"minecraft:white_bed":2,"minecraft:mossy_cobblestone":5,"minecraft:crafting_table":4,"minecraft:torch":2,"minecraft:granite":4,"minecraft:emerald_ore":15,"minecraft:grass_block":11,"minecraft:rose_bush":3,"minecraft:tall_grass":1,"minecraft:copper_ore":5,"minecraft:cobblestone":5,"minecraft:spruce_leaves":1,"biomesoplenty:sprout":4,"minecraft:wall_torch":1,"minecraft:furnace":3,"minecraft:iron_ore":110,"minecraft:spruce_log":13,"minecraft:pumpkin":4,"biomesoplenty:umbran_log":19,"minecraft:wither_rose":3,"minecraft:grass":7,"minecraft:coal_ore":97,"biomesoplenty:webbing":4,"minecraft:gravel":3,"minecraft:dirt":45,"biomesoplenty:stringy_cobweb":1,"minecraft:stone":92,"minecraft:bone_block":1},"minecraft:killed":{"minecraft:husk":1,"alexsmobs:raccoon":2,"minecraft:sheep":2,"minecraft:skeleton":1,"minecraft:zombie":2,"minecraft:chicken":7,"realmrpg_demons:chort":2,"alexsmobs:fly":1,"minecraft:cow":4},"minecraft:dropped":{"minecraft:cooked_beef":1},"minecraft:crafted":{"minecraft:cooked_beef":7,"biomesoplenty:umbran_planks":19,"minecraft:crafting_table":5,"minecraft:spruce_planks":12,"minecraft:wooden_pickaxe":1,"minecraft:cooked_chicken":7,"minecraft:iron_helmet":1,"minecraft:iron_sword":1,"minecraft:furnace":2,"biomesoplenty:umbran_door":3,"minecraft:bone_meal":1,"minecraft:cooked_mutton":3,"minecraft:air":135,"minecraft:iron_boots":1,"minecraft:iron_chestplate":1,"minecraft:shield":1,"minecraft:stick":16,"minecraft:iron_ingot":110,"minecraft:iron_pickaxe":1,"minecraft:stone_pickaxe":2,"minecraft:wooden_axe":1,"minecraft:stone_sword":1,"minecraft:chest":1,"minecraft:iron_leggings":1,"minecraft:white_bed":1,"minecraft:torch":8,"minecraft:shears":1},"minecraft:killed_by":{"minecraft:zombie":1,"alexsmobs:grizzly_bear":1},"minecraft:broken":{"minecraft:stone_pickaxe":2},"minecraft:custom":{"minecraft:interact_with_furnace":48,"minecraft:mob_kills":22,"minecraft:interact_with_crafting_table":37,"minecraft:leave_game":5,"minecraft:time_since_death":2787,"minecraft:sleep_in_bed":7,"minecraft:time_since_rest":234,"minecraft:sprint_one_cm":195236,"minecraft:damage_taken":1394,"minecraft:walk_one_cm":350293,"minecraft:damage_blocked_by_shield":1110,"minecraft:drop":1,"minecraft:damage_dealt":2305,"minecraft:swim_one_cm":6214,"minecraft:fly_one_cm":206971,"minecraft:open_chest":18,"minecraft:crouch_one_cm":53548,"minecraft:play_time":137631,"minecraft:deaths":2,"minecraft:sneak_time":17994,"minecraft:walk_under_water_one_cm":5473,"minecraft:jump":2457,"minecraft:walk_on_water_one_cm":16365,"minecraft:total_world_time":137631,"minecraft:fall_one_cm":37160},"minecraft:picked_up":{"minecraft:crafting_table":4,"minecraft:wheat":4,"minecraft:feather":9,"minecraft:chicken":7,"minecraft:leather":4,"minecraft:wither_rose":3,"minecraft:dirt":71,"minecraft:raw_copper":17,"minecraft:bone":2,"minecraft:wheat_seeds":1,"biomesoplenty:webbing":4,"minecraft:beef":7,"minecraft:rose_bush":2,"alexsmobs:raccoon_tail":1,"biomesoplenty:umbran_log":19,"minecraft:furnace":3,"minecraft:raw_iron":110,"minecraft:pumpkin":4,"minecraft:torch":4,"minecraft:gravel":3,"minecraft:spruce_sapling":2,"minecraft:white_bed":2,"minecraft:spruce_log":12,"mekanism:raw_osmium":17,"minecraft:mossy_cobblestone":4,"minecraft:rotten_flesh":4,"minecraft:granite":4,"minecraft:emerald":15,"alexsmobs:maggot":1,"minecraft:mutton":3,"minecraft:coal":179,"minecraft:bone_block":1,"minecraft:white_wool":6,"minecraft:cobblestone":100},"minecraft:used":{"minecraft:cooked_mutton":3,"minecraft:stone_sword":65,"minecraft:stone_pickaxe":263,"biomesoplenty:webbing":1,"minecraft:wooden_pickaxe":22,"minecraft:chest":1,"minecraft:shield":11,"minecraft:iron_sword":12,"minecraft:cooked_chicken":7,"minecraft:torch":8,"minecraft:dirt":70,"minecraft:crafting_table":9,"minecraft:white_bed":3,"biomesoplenty:umbran_door":1,"minecraft:granite":4,"minecraft:wooden_axe":26,"alexsmobs:maggot":1,"minecraft:iron_pickaxe":80,"minecraft:spruce_sapling":2,"minecraft:cobblestone":10,"minecraft:furnace":5,"alexsmobs:animal_dictionary":3,"minecraft:cooked_beef":6}},"DataVersion":3465}