{"stats":{"minecraft:used":{"create:smart_chute":4,"minecraft:birch_log":2},"minecraft:mined":{"minecraft:birch_log":4,"minecraft:grass":18},"minecraft:picked_up":{"minecraft:birch_log":4},"minecraft:custom":{"minecraft:jump":105,"minecraft:crouch_one_cm":71,"minecraft:leave_game":3,"minecraft:play_time":7760,"minecraft:sprint_one_cm":14784,"minecraft:time_since_death":7760,"minecraft:walk_one_cm":6493,"minecraft:sneak_time":19,"minecraft:total_world_time":7760,"minecraft:fall_one_cm":2624,"minecraft:fly_one_cm":31242,"minecraft:time_since_rest":7760}},"DataVersion":3465}