{"stats":{"minecraft:used":{"create:smart_chute":4,"minecraft:birch_log":2},"minecraft:picked_up":{"minecraft:birch_log":4},"minecraft:custom":{"minecraft:jump":141,"minecraft:crouch_one_cm":71,"minecraft:leave_game":4,"minecraft:play_time":9301,"minecraft:sprint_one_cm":17817,"minecraft:time_since_death":9301,"minecraft:walk_one_cm":7461,"minecraft:sneak_time":19,"minecraft:total_world_time":9301,"minecraft:fall_one_cm":2624,"minecraft:fly_one_cm":42668,"minecraft:time_since_rest":9301},"minecraft:mined":{"minecraft:birch_log":4,"minecraft:grass":18}},"DataVersion":3465}