{"stats":{"minecraft:mined":{"minecraft:birch_log":4,"minecraft:grass":18},"minecraft:custom":{"minecraft:jump":37,"minecraft:time_since_rest":2369,"minecraft:crouch_one_cm":71,"minecraft:leave_game":2,"minecraft:play_time":2369,"minecraft:sprint_one_cm":7025,"minecraft:time_since_death":2369,"minecraft:walk_one_cm":4443,"minecraft:sneak_time":19,"minecraft:total_world_time":2369,"minecraft:fall_one_cm":1161,"minecraft:fly_one_cm":10967},"minecraft:used":{"minecraft:birch_log":2},"minecraft:picked_up":{"minecraft:birch_log":4}},"DataVersion":3465}