{"stats":{"minecraft:custom":{"minecraft:interact_with_furnace":12,"minecraft:mob_kills":14,"minecraft:interact_with_crafting_table":22,"minecraft:bell_ring":1,"minecraft:leave_game":1,"minecraft:time_since_death":2634,"minecraft:sleep_in_bed":1,"minecraft:climb_one_cm":1247,"minecraft:time_since_rest":2763,"minecraft:sprint_one_cm":70558,"minecraft:damage_taken":840,"minecraft:walk_one_cm":134485,"minecraft:drop":1,"minecraft:damage_dealt":1176,"minecraft:swim_one_cm":13424,"minecraft:fly_one_cm":146597,"minecraft:open_chest":4,"minecraft:crouch_one_cm":16233,"minecraft:play_time":72744,"minecraft:deaths":3,"minecraft:sneak_time":15540,"minecraft:walk_under_water_one_cm":6660,"minecraft:jump":890,"minecraft:walk_on_water_one_cm":10566,"minecraft:total_world_time":72744,"minecraft:fall_one_cm":17545},"minecraft:dropped":{"biomesoplenty:lavender":1},"minecraft:crafted":{"minecraft:stone_shovel":1,"minecraft:crafting_table":5,"minecraft:spruce_planks":9,"minecraft:wooden_pickaxe":2,"minecraft:furnace":1,"minecraft:cooked_mutton":2,"minecraft:air":96,"minecraft:stick":20,"minecraft:iron_ingot":8,"minecraft:iron_pickaxe":1,"minecraft:stone_pickaxe":1,"minecraft:wooden_axe":2,"minecraft:stone_sword":1,"minecraft:dark_oak_planks":15},"minecraft:picked_up":{"biomesoplenty:lavender":2,"duneons:dungeonscharreddirt":7,"minecraft:crafting_table":4,"minecraft:feather":1,"minecraft:andesite":8,"create:raw_zinc":10,"minecraft:shield":1,"minecraft:dirt":38,"minecraft:raw_copper":35,"minecraft:spruce_planks":2,"minecraft:furnace":3,"minecraft:stick":1,"minecraft:raw_iron":14,"minecraft:torch":5,"minecraft:green_bed":2,"minecraft:gravel":10,"minecraft:porkchop":3,"minecraft:sand":2,"minecraft:spruce_log":9,"minecraft:dark_oak_log":16,"create:crimsite":5,"minecraft:tropical_fish":4,"minecraft:granite":18,"minecraft:cod":1,"minecraft:mutton":2,"minecraft:coal":114,"minecraft:white_wool":1,"alexsmobs:flying_fish":1,"minecraft:cobblestone":270},"minecraft:killed_by":{"mekanismadditions:baby_creeper":1,"minecraft:skeleton":1,"duneons:wraith":1},"minecraft:broken":{"minecraft:stone_pickaxe":1,"minecraft:wooden_pickaxe":1},"minecraft:killed":{"minecraft:pig":1,"alexsmobs:seal":5,"minecraft:cod":1,"minecraft:sheep":1,"alexsmobs:crow":1,"minecraft:tropical_fish":4,"alexsmobs:flying_fish":1},"minecraft:used":{"minecraft:cooked_mutton":2,"minecraft:stone_sword":24,"minecraft:stone_shovel":17,"minecraft:stone_pickaxe":131,"minecraft:spruce_planks":2,"minecraft:wooden_pickaxe":91,"minecraft:green_bed":1,"minecraft:torch":2,"minecraft:dirt":8,"minecraft:crafting_table":8,"minecraft:granite":4,"minecraft:wooden_axe":28,"minecraft:dark_oak_log":1,"minecraft:iron_pickaxe":199,"minecraft:furnace":3},"minecraft:mined":{"create:zinc_ore":10,"biomesoplenty:jacaranda_leaves":5,"minecraft:spruce_planks":2,"minecraft:dark_oak_log":16,"minecraft:crafting_table":4,"minecraft:glow_lichen":1,"minecraft:granite":18,"minecraft:grass_block":10,"minecraft:copper_ore":10,"minecraft:wall_torch":1,"minecraft:furnace":3,"minecraft:iron_ore":14,"biomesoplenty:lavender":1,"minecraft:spruce_log":11,"minecraft:andesite":8,"minecraft:grass":1,"minecraft:coal_ore":71,"minecraft:gravel":10,"minecraft:sand":2,"minecraft:dirt":28,"duneons:dungeonscharreddirt":7,"minecraft:stone":275,"create:crimsite":5,"minecraft:green_bed":2}},"DataVersion":3465}