{"stats":{"minecraft:killed_by":{"minecraft:zombie":1,"alexsmobs:grizzly_bear":1},"minecraft:used":{"minecraft:wheat_seeds":14,"minecraft:water_bucket":1,"minecraft:stone_sword":65,"minecraft:rose_bush":1,"minecraft:stone_pickaxe":263,"minecraft:chest":1,"biomesoplenty:webbing":1,"minecraft:wooden_pickaxe":22,"minecraft:shield":11,"minecraft:iron_sword":37,"minecraft:cooked_chicken":7,"minecraft:stone_hoe":16,"minecraft:torch":8,"minecraft:dirt":70,"minecraft:crafting_table":11,"minecraft:white_bed":4,"biomesoplenty:umbran_door":2,"minecraft:granite":4,"minecraft:wooden_axe":29,"alexsmobs:maggot":1,"minecraft:bread":2,"minecraft:iron_pickaxe":153,"minecraft:spruce_sapling":2,"minecraft:cobblestone":10,"minecraft:furnace":5,"minecraft:bucket":1,"minecraft:cooked_beef":9,"alexsmobs:animal_dictionary":3,"biomesoplenty:umbran_boat":3,"minecraft:coarse_dirt":4,"minecraft:bone_meal":9,"minecraft:cooked_mutton":3},"minecraft:dropped":{"biomesoplenty:toadstool":16,"minecraft:iron_ingot":30,"minecraft:cooked_beef":1,"minecraft:rotten_flesh":4,"minecraft:poppy":2,"biomesoplenty:webbing":3},"minecraft:picked_up":{"minecraft:crafting_table":5,"minecraft:coarse_dirt":4,"minecraft:wheat":7,"minecraft:feather":9,"minecraft:cooked_beef":5,"minecraft:chicken":7,"minecraft:andesite":1,"minecraft:leather":6,"minecraft:brown_mushroom":5,"minecraft:wither_rose":3,"biomesoplenty:umbran_door":1,"minecraft:dirt":71,"minecraft:raw_copper":17,"minecraft:bone":2,"biomesoplenty:umbran_boat":3,"minecraft:wheat_seeds":22,"biomesoplenty:webbing":4,"minecraft:beef":10,"minecraft:rose_bush":2,"minecraft:poppy":2,"alexsmobs:raccoon_tail":1,"biomesoplenty:umbran_log":19,"minecraft:furnace":3,"biomesoplenty:toadstool":16,"minecraft:raw_iron":140,"minecraft:pumpkin":4,"minecraft:torch":4,"minecraft:gravel":4,"minecraft:porkchop":8,"minecraft:spruce_sapling":2,"minecraft:white_bed":2,"minecraft:spruce_log":12,"mekanism:raw_osmium":17,"minecraft:mossy_cobblestone":5,"minecraft:rotten_flesh":4,"minecraft:granite":4,"minecraft:emerald":17,"alexsmobs:maggot":1,"minecraft:mutton":5,"minecraft:coal":217,"minecraft:bone_block":1,"minecraft:white_wool":11,"minecraft:cobblestone":101},"minecraft:mined":{"minecraft:white_bed":2,"mekanism:osmium_ore":17,"minecraft:brown_mushroom":5,"minecraft:farmland":1,"minecraft:mossy_cobblestone":5,"minecraft:crafting_table":4,"minecraft:torch":2,"minecraft:granite":4,"minecraft:emerald_ore":17,"minecraft:grass_block":11,"minecraft:poppy":1,"minecraft:rose_bush":3,"minecraft:copper_ore":5,"minecraft:tall_grass":2,"minecraft:cobblestone":6,"minecraft:spruce_leaves":1,"biomesoplenty:sprout":21,"minecraft:wall_torch":1,"minecraft:coarse_dirt":4,"minecraft:furnace":3,"biomesoplenty:toadstool":23,"minecraft:iron_ore":140,"minecraft:wheat":3,"minecraft:spruce_log":13,"minecraft:pumpkin":4,"biomesoplenty:umbran_log":19,"minecraft:wither_rose":3,"minecraft:grass":103,"minecraft:coal_ore":135,"biomesoplenty:webbing":4,"minecraft:gravel":4,"minecraft:dirt":45,"biomesoplenty:stringy_cobweb":1,"minecraft:stone":92,"minecraft:bone_block":1,"biomesoplenty:umbran_door":1,"minecraft:fern":5},"minecraft:broken":{"minecraft:stone_pickaxe":2},"minecraft:crafted":{"minecraft:cooked_beef":7,"biomesoplenty:umbran_planks":19,"minecraft:crafting_table":6,"minecraft:spruce_planks":12,"minecraft:cooked_chicken":7,"minecraft:wooden_pickaxe":1,"minecraft:iron_helmet":1,"minecraft:iron_sword":1,"minecraft:furnace":2,"biomesoplenty:umbran_door":3,"minecraft:bucket":1,"minecraft:bone_meal":3,"minecraft:air":143,"minecraft:cooked_mutton":3,"minecraft:bread":2,"minecraft:iron_boots":1,"minecraft:iron_chestplate":1,"minecraft:shield":1,"biomesoplenty:umbran_boat":1,"minecraft:stick":16,"minecraft:iron_ingot":110,"minecraft:stone_pickaxe":2,"minecraft:iron_pickaxe":1,"minecraft:wooden_axe":1,"minecraft:stone_sword":1,"minecraft:chest":1,"minecraft:iron_leggings":1,"minecraft:white_bed":2,"minecraft:torch":8,"minecraft:stone_hoe":1,"minecraft:shears":1},"minecraft:custom":{"minecraft:interact_with_furnace":53,"minecraft:mob_kills":29,"minecraft:interact_with_crafting_table":60,"minecraft:leave_game":9,"minecraft:time_since_death":69770,"minecraft:sleep_in_bed":12,"minecraft:time_since_rest":8176,"minecraft:sprint_one_cm":269546,"minecraft:damage_taken":1474,"minecraft:walk_one_cm":650345,"minecraft:damage_blocked_by_shield":1110,"minecraft:drop":7,"minecraft:damage_dealt":3265,"minecraft:swim_one_cm":6214,"minecraft:fly_one_cm":312161,"minecraft:open_chest":36,"minecraft:crouch_one_cm":80479,"minecraft:play_time":204614,"minecraft:deaths":2,"minecraft:sneak_time":24501,"minecraft:walk_under_water_one_cm":6753,"minecraft:boat_one_cm":1755,"minecraft:jump":4158,"minecraft:walk_on_water_one_cm":33644,"minecraft:total_world_time":204614,"minecraft:fall_one_cm":64582},"minecraft:killed":{"minecraft:husk":1,"minecraft:pig":3,"alexsmobs:raccoon":2,"minecraft:sheep":4,"minecraft:skeleton":1,"minecraft:zombie":2,"minecraft:chicken":7,"realmrpg_demons:chort":2,"alexsmobs:fly":1,"minecraft:enderman":1,"minecraft:cow":5}},"DataVersion":3465}