{"stats":{"minecraft:mined":{"mekanism:osmium_ore":17,"minecraft:white_bed":2,"minecraft:mossy_cobblestone":5,"minecraft:crafting_table":4,"minecraft:torch":2,"minecraft:granite":4,"minecraft:emerald_ore":15,"minecraft:grass_block":10,"minecraft:rose_bush":2,"minecraft:tall_grass":1,"minecraft:copper_ore":5,"minecraft:cobblestone":5,"biomesoplenty:sprout":2,"minecraft:wall_torch":1,"minecraft:furnace":3,"minecraft:iron_ore":110,"minecraft:spruce_log":11,"minecraft:pumpkin":4,"biomesoplenty:umbran_log":19,"minecraft:wither_rose":3,"minecraft:grass":7,"minecraft:coal_ore":97,"biomesoplenty:webbing":4,"minecraft:gravel":3,"minecraft:dirt":43,"biomesoplenty:stringy_cobweb":1,"minecraft:stone":92,"minecraft:bone_block":1},"minecraft:custom":{"minecraft:interact_with_furnace":44,"minecraft:mob_kills":20,"minecraft:interact_with_crafting_table":35,"minecraft:leave_game":3,"minecraft:time_since_death":73796,"minecraft:sleep_in_bed":5,"minecraft:time_since_rest":7158,"minecraft:sprint_one_cm":165910,"minecraft:damage_taken":1028,"minecraft:walk_one_cm":309839,"minecraft:damage_blocked_by_shield":1110,"minecraft:drop":1,"minecraft:damage_dealt":1998,"minecraft:swim_one_cm":6214,"minecraft:fly_one_cm":187647,"minecraft:open_chest":13,"minecraft:crouch_one_cm":45963,"minecraft:play_time":121197,"minecraft:deaths":1,"minecraft:sneak_time":14847,"minecraft:walk_under_water_one_cm":5473,"minecraft:jump":2266,"minecraft:walk_on_water_one_cm":16365,"minecraft:total_world_time":121197,"minecraft:fall_one_cm":33251},"minecraft:broken":{"minecraft:stone_pickaxe":2},"minecraft:dropped":{"minecraft:cooked_beef":1},"minecraft:killed":{"minecraft:husk":1,"alexsmobs:raccoon":2,"minecraft:skeleton":1,"minecraft:zombie":2,"minecraft:chicken":7,"realmrpg_demons:chort":2,"alexsmobs:fly":1,"minecraft:cow":4},"minecraft:crafted":{"minecraft:cooked_beef":7,"biomesoplenty:umbran_planks":19,"minecraft:crafting_table":4,"minecraft:spruce_planks":10,"minecraft:wooden_pickaxe":1,"minecraft:cooked_chicken":7,"minecraft:iron_helmet":1,"minecraft:iron_sword":1,"minecraft:furnace":1,"biomesoplenty:umbran_door":3,"minecraft:bone_meal":1,"minecraft:air":127,"minecraft:iron_boots":1,"minecraft:iron_chestplate":1,"minecraft:shield":1,"minecraft:stick":16,"minecraft:iron_ingot":92,"minecraft:iron_pickaxe":1,"minecraft:stone_pickaxe":2,"minecraft:wooden_axe":1,"minecraft:stone_sword":1,"minecraft:chest":1,"minecraft:iron_leggings":1,"minecraft:white_bed":1,"minecraft:torch":8,"minecraft:shears":1},"minecraft:picked_up":{"minecraft:crafting_table":4,"minecraft:wheat":4,"minecraft:feather":9,"minecraft:chicken":7,"minecraft:leather":4,"minecraft:wither_rose":3,"minecraft:dirt":68,"minecraft:raw_copper":17,"minecraft:bone":2,"minecraft:wheat_seeds":1,"biomesoplenty:webbing":4,"minecraft:beef":7,"minecraft:rose_bush":1,"alexsmobs:raccoon_tail":1,"biomesoplenty:umbran_log":19,"minecraft:furnace":3,"minecraft:raw_iron":110,"minecraft:pumpkin":4,"minecraft:torch":4,"minecraft:gravel":3,"minecraft:spruce_sapling":2,"minecraft:white_bed":2,"minecraft:spruce_log":10,"mekanism:raw_osmium":17,"minecraft:mossy_cobblestone":4,"minecraft:rotten_flesh":4,"minecraft:granite":4,"minecraft:emerald":15,"alexsmobs:maggot":1,"minecraft:coal":179,"minecraft:bone_block":1,"minecraft:white_wool":4,"minecraft:cobblestone":100},"minecraft:used":{"minecraft:stone_sword":48,"minecraft:stone_pickaxe":263,"biomesoplenty:webbing":1,"minecraft:wooden_pickaxe":22,"minecraft:chest":1,"minecraft:shield":11,"minecraft:iron_sword":12,"minecraft:cooked_chicken":7,"minecraft:torch":8,"minecraft:dirt":41,"minecraft:crafting_table":8,"minecraft:white_bed":3,"biomesoplenty:umbran_door":1,"minecraft:wooden_axe":26,"alexsmobs:maggot":1,"minecraft:iron_pickaxe":80,"minecraft:spruce_sapling":2,"minecraft:cobblestone":10,"minecraft:furnace":4,"alexsmobs:animal_dictionary":3,"minecraft:cooked_beef":6},"minecraft:killed_by":{"alexsmobs:grizzly_bear":1}},"DataVersion":3465}