{"stats":{"minecraft:mined":{"minecraft:grass_block":4,"minecraft:gravel":7,"minecraft:dirt":3,"minecraft:spruce_leaves":3,"minecraft:spruce_log":33,"minecraft:stone":18},"minecraft:killed":{"minecraft:pillager":1,"minecraft:zombie":1},"minecraft:crafted":{"minecraft:stone_sword":1,"minecraft:stone_axe":1,"minecraft:spruce_planks":4,"minecraft:stick":5,"minecraft:wooden_pickaxe":1,"minecraft:air":24,"minecraft:stone_pickaxe":1},"minecraft:custom":{"minecraft:time_since_rest":7955,"minecraft:play_time":7955,"minecraft:crouch_one_cm":976,"minecraft:interact_with_furnace":2,"minecraft:sprint_one_cm":11244,"minecraft:damage_taken":45,"minecraft:walk_one_cm":36022,"minecraft:sneak_time":366,"minecraft:mob_kills":2,"minecraft:jump":155,"minecraft:damage_dealt":230,"minecraft:leave_game":2,"minecraft:time_since_death":7955,"minecraft:walk_on_water_one_cm":442,"minecraft:total_world_time":7955,"minecraft:interact_with_crafting_table":2,"minecraft:fly_one_cm":17156,"minecraft:fall_one_cm":2595},"minecraft:picked_up":{"minecraft:stick":1,"minecraft:cooked_beef":5,"minecraft:rotten_flesh":1,"minecraft:wooden_pickaxe":1,"minecraft:gravel":7,"minecraft:spruce_sapling":6,"minecraft:spruce_log":33,"minecraft:dirt":7,"minecraft:cobblestone":17},"minecraft:used":{"minecraft:stone_axe":33,"minecraft:stone_pickaxe":7,"minecraft:wooden_pickaxe":12,"minecraft:cooked_beef":1}},"DataVersion":3465}