{"stats":{"minecraft:broken":{"minecraft:wooden_pickaxe":1,"minecraft:stone_pickaxe":2},"minecraft:killed":{"alexsmobs:seagull":1,"minecraft:skeleton":1,"alexsmobs:flying_fish":3,"minecraft:pig":1,"alexsmobs:seal":2,"minecraft:sheep":1,"minecraft:zombie":4,"alexsmobs:crow":1},"minecraft:custom":{"minecraft:mob_kills":14,"minecraft:interact_with_crafting_table":34,"minecraft:open_barrel":6,"minecraft:leave_game":2,"minecraft:time_since_death":1880,"minecraft:climb_one_cm":2141,"minecraft:sprint_one_cm":101355,"minecraft:walk_one_cm":341934,"minecraft:damage_blocked_by_shield":581,"minecraft:drop":51,"minecraft:talked_to_villager":1,"minecraft:play_time":106217,"minecraft:deaths":1,"minecraft:sneak_time":5385,"minecraft:walk_under_water_one_cm":20211,"minecraft:jump":1375,"minecraft:walk_on_water_one_cm":31203,"minecraft:total_world_time":106217,"minecraft:interact_with_furnace":14,"minecraft:sleep_in_bed":3,"minecraft:time_since_rest":1970,"minecraft:damage_taken":786,"minecraft:damage_dealt":2212,"minecraft:player_kills":1,"minecraft:swim_one_cm":84325,"minecraft:fly_one_cm":153117,"minecraft:open_chest":25,"minecraft:crouch_one_cm":13849,"minecraft:interact_with_smoker":6,"minecraft:fish_caught":5,"minecraft:fall_one_cm":22003},"minecraft:used":{"minecraft:stone_sword":10,"minecraft:stone_shovel":124,"minecraft:shield":12,"minecraft:iron_sword":17,"duneons:dungeonscharreddirt":6,"minecraft:cooked_salmon":2,"minecraft:torch":53,"minecraft:dirt":43,"duneons:browncoral":3,"minecraft:furnace":4,"minecraft:cooked_beef":1,"minecraft:cooked_mutton":5,"minecraft:water_bucket":1,"minecraft:diorite":2,"minecraft:spruce_door":5,"minecraft:stone_pickaxe":262,"minecraft:wooden_pickaxe":59,"minecraft:green_bed":3,"minecraft:sand":19,"minecraft:tnt":1,"minecraft:crafting_table":9,"alexsmobs:flying_fish":1,"minecraft:bread":2,"minecraft:iron_pickaxe":156,"minecraft:leather_helmet":6,"minecraft:stone_axe":77,"minecraft:fishing_rod":6,"minecraft:cobblestone":37,"minecraft:cooked_porkchop":1,"minecraft:bucket":1,"minecraft:andesite":1,"alexsmobs:animal_dictionary":1},"minecraft:picked_up":{"minecraft:crafting_table":1,"minecraft:wheat":86,"minecraft:gold_block":2,"minecraft:string":2,"create:limestone":1,"minecraft:chest":1,"minecraft:furnace":3,"minecraft:dark_oak_sapling":3,"minecraft:raw_iron":68,"duneons:browncoral":3,"minecraft:torch":35,"minecraft:green_bed":4,"minecraft:porkchop":1,"minecraft:diorite":18,"minecraft:carrot":25,"mekanism:raw_tin":9,"minecraft:tnt":1,"minecraft:arrow":2,"minecraft:rotten_flesh":5,"minecraft:peony":1,"minecraft:white_wool":1,"minecraft:mutton":1,"minecraft:cod":4,"alexsmobs:flying_fish":3,"minecraft:cobblestone":197,"duneons:dungeonscharreddirt":32,"minecraft:feather":2,"minecraft:andesite":1,"minecraft:potato":27,"create:raw_zinc":2,"minecraft:lapis_lazuli":55,"minecraft:dirt":48,"minecraft:bone":1,"galosphere:raw_silver":5,"duneons:keydiamond":1,"minecraft:sand":69,"minecraft:spruce_log":22,"mekanism:raw_osmium":1,"minecraft:spruce_door":3,"minecraft:dark_oak_log":24,"minecraft:sea_lantern":2,"minecraft:dark_prismarine":5,"mekanism:fluorite_gem":8,"minecraft:granite":14,"minecraft:bone_meal":2,"minecraft:bread":24,"minecraft:oak_sapling":2,"minecraft:stripped_dark_oak_log":1,"minecraft:coal":49},"minecraft:killed_by":{"minecraft:cave_spider":1},"minecraft:mined":{"create:zinc_ore":3,"minecraft:dark_prismarine":5,"minecraft:dark_oak_log":24,"minecraft:glow_lichen":2,"minecraft:granite":15,"biomesoplenty:bush":1,"minecraft:grass_block":8,"minecraft:furnace":3,"minecraft:iron_ore":67,"minecraft:andesite":3,"biomesoplenty:sea_oats":3,"minecraft:deepslate_iron_ore":1,"minecraft:stone":221,"create:limestone":1,"minecraft:green_bed":4,"minecraft:cut_sandstone":2,"mekanism:osmium_ore":1,"duneons:browncoral":1,"minecraft:stripped_dark_oak_log":1,"minecraft:spruce_door":3,"minecraft:crafting_table":2,"minecraft:torch":1,"minecraft:chest":1,"mekanism:tin_ore":9,"galosphere:silver_ore":5,"minecraft:copper_ore":1,"minecraft:cobblestone":5,"minecraft:lapis_ore":8,"minecraft:diorite":23,"minecraft:wall_torch":3,"minecraft:seagrass":1,"mekanism:fluorite_ore":2,"minecraft:spruce_log":29,"minecraft:tnt":1,"minecraft:grass":3,"minecraft:coal_ore":49,"minecraft:sand":129,"minecraft:dirt":37,"minecraft:cobweb":1,"duneons:dungeonscharreddirt":44,"biomesoplenty:reed":1},"minecraft:dropped":{"minecraft:bread":4,"minecraft:iron_ingot":1,"minecraft:porkchop":1,"minecraft:tnt":2,"minecraft:dark_oak_sapling":3,"minecraft:feather":2,"minecraft:cobblestone":62,"minecraft:granite":14,"duneons:dungeonscharreddirt":1,"minecraft:spruce_door":1,"minecraft:coal":22,"minecraft:leather_helmet":1,"minecraft:cod":4,"minecraft:dirt":1,"minecraft:diorite":16,"minecraft:torch":34,"minecraft:cooked_salmon":4,"minecraft:potion":2,"minecraft:bone_meal":2,"minecraft:sand":47,"minecraft:paper":8,"minecraft:string":2,"minecraft:white_wool":1,"minecraft:bone":1,"minecraft:stone_sword":1,"minecraft:wheat":1,"minecraft:raw_iron":2,"minecraft:rotten_flesh":22,"minecraft:filled_map":1,"minecraft:shield":1,"minecraft:oak_sapling":2,"create:limestone":1,"minecraft:spruce_log":12},"minecraft:crafted":{"minecraft:stone_shovel":1,"minecraft:furnace":3,"minecraft:cooked_mutton":8,"minecraft:stone_pickaxe":2,"minecraft:dark_oak_planks":15,"minecraft:cooked_beef":1,"minecraft:cooked_porkchop":1,"minecraft:crafting_table":8,"minecraft:spruce_planks":13,"minecraft:wooden_pickaxe":1,"minecraft:iron_sword":1,"minecraft:spruce_door":1,"minecraft:bucket":1,"minecraft:stone_axe":2,"minecraft:bread":11,"minecraft:air":198,"minecraft:iron_chestplate":1,"minecraft:charcoal":3,"minecraft:shield":2,"minecraft:stick":17,"minecraft:iron_ingot":3,"minecraft:iron_pickaxe":1,"minecraft:stone_sword":1,"minecraft:gold_ingot":1,"minecraft:torch":18}},"DataVersion":3465}