{"stats":{"minecraft:custom":{"minecraft:interact_with_furnace":9,"minecraft:mob_kills":7,"minecraft:interact_with_crafting_table":20,"minecraft:open_barrel":6,"minecraft:leave_game":1,"minecraft:time_since_death":62026,"minecraft:sleep_in_bed":2,"minecraft:climb_one_cm":1602,"minecraft:time_since_rest":12204,"minecraft:sprint_one_cm":49732,"minecraft:damage_taken":248,"minecraft:walk_one_cm":176895,"minecraft:drop":17,"minecraft:damage_dealt":810,"minecraft:talked_to_villager":1,"minecraft:swim_one_cm":53529,"minecraft:fly_one_cm":84791,"minecraft:open_chest":25,"minecraft:crouch_one_cm":1536,"minecraft:play_time":62026,"minecraft:sneak_time":596,"minecraft:walk_under_water_one_cm":14099,"minecraft:jump":754,"minecraft:walk_on_water_one_cm":20659,"minecraft:interact_with_smoker":6,"minecraft:total_world_time":62026,"minecraft:fish_caught":5,"minecraft:fall_one_cm":13854},"minecraft:dropped":{"minecraft:iron_ingot":1,"minecraft:dark_oak_sapling":3,"minecraft:rotten_flesh":18,"minecraft:leather_helmet":1,"minecraft:filled_map":1,"minecraft:dirt":1,"minecraft:shield":1,"minecraft:diorite":2,"minecraft:torch":8,"minecraft:white_wool":1},"minecraft:crafted":{"minecraft:cooked_beef":1,"minecraft:stone_shovel":1,"minecraft:cooked_porkchop":1,"minecraft:crafting_table":4,"minecraft:spruce_planks":9,"minecraft:wooden_pickaxe":1,"minecraft:spruce_door":1,"minecraft:furnace":2,"minecraft:stone_axe":1,"minecraft:cooked_mutton":8,"minecraft:bread":3,"minecraft:air":137,"minecraft:charcoal":3,"minecraft:shield":2,"minecraft:stick":11,"minecraft:iron_ingot":3,"minecraft:stone_pickaxe":2,"minecraft:stone_sword":1,"minecraft:gold_ingot":1,"minecraft:dark_oak_planks":11,"minecraft:torch":9},"minecraft:picked_up":{"duneons:dungeonscharreddirt":31,"minecraft:crafting_table":1,"minecraft:feather":2,"minecraft:lapis_lazuli":39,"minecraft:dirt":16,"minecraft:chest":1,"minecraft:furnace":1,"minecraft:dark_oak_sapling":3,"minecraft:raw_iron":3,"duneons:browncoral":3,"minecraft:torch":7,"minecraft:green_bed":3,"minecraft:sand":66,"minecraft:diorite":2,"minecraft:spruce_log":9,"minecraft:spruce_door":1,"minecraft:sea_lantern":2,"minecraft:dark_oak_log":24,"mekanism:raw_tin":6,"minecraft:dark_prismarine":5,"minecraft:tnt":1,"minecraft:rotten_flesh":1,"minecraft:peony":1,"minecraft:bone_meal":1,"minecraft:bread":5,"minecraft:cod":4,"minecraft:stripped_dark_oak_log":1,"minecraft:mutton":1,"minecraft:coal":17,"alexsmobs:flying_fish":3,"minecraft:white_wool":1,"minecraft:cobblestone":121},"minecraft:broken":{"minecraft:stone_pickaxe":1,"minecraft:wooden_pickaxe":1},"minecraft:killed":{"alexsmobs:seagull":1,"minecraft:sheep":1,"minecraft:zombie":1,"alexsmobs:crow":1,"alexsmobs:flying_fish":3},"minecraft:used":{"minecraft:cooked_mutton":3,"minecraft:stone_sword":2,"minecraft:spruce_door":3,"minecraft:stone_shovel":124,"minecraft:stone_pickaxe":139,"minecraft:wooden_pickaxe":59,"duneons:dungeonscharreddirt":6,"minecraft:green_bed":3,"minecraft:torch":9,"minecraft:dirt":11,"minecraft:sand":19,"minecraft:tnt":1,"minecraft:crafting_table":5,"alexsmobs:flying_fish":1,"minecraft:bread":2,"minecraft:leather_helmet":6,"duneons:browncoral":3,"minecraft:stone_axe":46,"minecraft:fishing_rod":6,"minecraft:furnace":2,"minecraft:cooked_beef":1,"alexsmobs:animal_dictionary":1},"minecraft:mined":{"minecraft:dark_prismarine":5,"minecraft:cut_sandstone":2,"duneons:browncoral":1,"minecraft:stripped_dark_oak_log":1,"minecraft:dark_oak_log":24,"minecraft:spruce_door":1,"minecraft:crafting_table":1,"minecraft:grass_block":4,"minecraft:chest":1,"mekanism:tin_ore":6,"minecraft:lapis_ore":6,"minecraft:diorite":2,"minecraft:wall_torch":3,"minecraft:seagrass":1,"minecraft:furnace":1,"minecraft:iron_ore":3,"minecraft:spruce_log":9,"minecraft:tnt":1,"biomesoplenty:sea_oats":3,"minecraft:coal_ore":17,"minecraft:sand":125,"minecraft:dirt":12,"minecraft:stone":121,"duneons:dungeonscharreddirt":31,"biomesoplenty:reed":1,"minecraft:green_bed":3}},"DataVersion":3465}